"","ID","Alter","Geschlecht","Bildung","Bildung_sonstig","BZG","Beschaeftigungsart","Arbeitszeitmodell","Gehalt_n","Position_im_Unternehmen","Remotarbeit","ZE01","ZE04","Time_sum_m","IS_mean","IS_K_mean","IS_E_mean","CPE_mean","CPE_C_mean","CPE_I_mean","CPE_M_mean","CPE_E_mean","PS_mean","OC_A_mean","QQ_Anand_mean","QQ_Eigene_mean","QQ_Gesamt_mean","SL_mean"
"1",1,57,1,7,NA,0.833333333333333,2,40,5,4,2,1,1,8.68333333333333,3.5,3.75,3.25,4.3125,4.75,4.5,4.5,3.5,5.14285714285714,3.8,2,1.83333333333333,1.92307692307692,4.42857142857143
"2",2,52,2,6,NA,26.6666666666667,2,35,4,1,4,1,1,15.3,3.75,4,3.5,4,4.5,4,3.5,4,6.42857142857143,3.4,1.85714285714286,1.5,1.69230769230769,5.57142857142857
"3",3,25,2,6,NA,2.25,1,14,1,1,3,1,1,9.05,1.625,1.5,1.75,5.125,5.25,4.75,5.25,5.25,6.42857142857143,3.2,3,3.83333333333333,3.38461538461538,4.42857142857143
"4",4,27,1,5,NA,4,2,38,3,1,1,1,1,12.8166666666667,3,3.75,2.25,6.3125,6.25,6,6.25,6.75,6,4.2,1.85714285714286,2.16666666666667,2,5.42857142857143
"5",5,30,1,7,NA,6.75,2,40,2,1,3,1,1,6.4,3.25,3.5,3,3.8125,4,3.75,3.75,3.75,5.85714285714286,4.6,1.57142857142857,1.5,1.53846153846154,3.85714285714286
"6",6,46,1,5,NA,15.9166666666667,2,40,4,3,1,1,1,10.3166666666667,2.375,3.25,1.5,6.0625,6.25,6.75,5.5,5.75,6.71428571428571,4.8,1.57142857142857,1.16666666666667,1.38461538461538,5.14285714285714
"7",7,27,1,5,NA,6.75,2,39,3,1,1,1,1,10.3666666666667,1.875,1.5,2.25,2.875,2.5,4,3,2,2.85714285714286,1.2,3.71428571428571,2.16666666666667,3,2
"8",8,63,1,6,NA,41.5,2,39,5,1,1,1,1,13.3,3.5,5.5,1.5,3.25,1.75,4.5,2.75,4,5.14285714285714,3.6,2.14285714285714,1.33333333333333,1.76923076923077,3
"9",9,27,1,9,"2. Staatsexamen",4,2,40,4,1,1,1,1,10.2666666666667,2.875,2.25,3.5,4.5,6,5.25,3.75,3,5.42857142857143,3,2.57142857142857,1.83333333333333,2.23076923076923,4.71428571428571
"10",10,26,1,4,NA,1.08333333333333,1,12.5,1,1,6,1,1,11.7166666666667,2.5,1.75,3.25,5.125,5.5,5,4.25,5.75,6.42857142857143,3.2,3.14285714285714,3,3.07692307692308,4.28571428571429
"11",11,25,1,4,NA,1.16666666666667,1,15,1,1,1,1,1,12.3333333333333,2.875,2.75,3,4.8125,4.75,4.5,4.75,5.25,5.42857142857143,3.8,2.85714285714286,2.33333333333333,2.61538461538462,4.57142857142857
"12",12,42,2,6,NA,24.8333333333333,2,16,2,3,1,1,1,6.55,5.5,5.75,5.25,6,6.5,6,5.75,5.75,4.57142857142857,4,1.57142857142857,1.16666666666667,1.38461538461538,5.71428571428571
"13",13,34,2,7,NA,2.33333333333333,2,40,5,2,6,1,1,7.95,4,4.75,3.25,6.5625,6.75,6.5,6.25,6.75,6.71428571428571,3.6,1.57142857142857,1.66666666666667,1.61538461538462,6.14285714285714
"14",14,61,2,3,NA,23.25,2,22.5,2,1,1,1,1,11.7666666666667,3.25,3.25,3.25,3.5625,3.25,4.25,3.75,3,5.42857142857143,3.2,2.57142857142857,1.66666666666667,2.15384615384615,3.14285714285714
"15",15,62,1,5,NA,44.5,2,38.5,5,2,4,1,1,8.08333333333333,5.375,5.75,5,4.1875,4,5.25,3.75,3.75,4.14285714285714,2.6,2.85714285714286,2.83333333333333,2.84615384615385,3.57142857142857
"16",16,29,2,6,NA,5.41666666666667,2,40,3,1,1,1,1,6.65,3.375,3.25,3.5,6.25,6.5,6.5,6,6,5.85714285714286,4.2,1.57142857142857,2.33333333333333,1.92307692307692,4.57142857142857
"17",17,47,2,6,NA,3.41666666666667,2,28,2,1,1,1,1,8.51666666666667,3.25,3.5,3,4.4375,4.25,3.75,4.5,5.25,4.57142857142857,2.8,1.71428571428571,1.5,1.61538461538462,4.71428571428571
"18",18,27,2,7,NA,2.75,2,38.5,3,1,4,1,1,8.41666666666667,4.375,4.5,4.25,5.375,5.5,5.5,4.75,5.75,5.42857142857143,4.2,1.14285714285714,1.66666666666667,1.38461538461538,5.42857142857143
"19",19,24,2,6,NA,2.83333333333333,2,40,4,2,3,1,1,4.78333333333333,3.625,5.25,2,5.5625,6.75,5.5,5.25,4.75,6.42857142857143,4,1.42857142857143,1,1.23076923076923,5.85714285714286
"20",20,25,2,6,NA,0.583333333333333,1,20,2,1,4,1,1,10.6166666666667,2.75,3,2.5,6.4375,7,6,5.75,7,6.42857142857143,4.2,2,2,2,5.28571428571429
"21",21,35,2,5,NA,10.25,2,40,3,1,1,1,1,6.45,2.375,1.5,3.25,3.125,3,3.5,4,2,3,2.6,3.85714285714286,3,3.46153846153846,3.14285714285714
"22",22,25,2,6,NA,1.16666666666667,2,15,1,1,1,1,1,5.71666666666667,4.375,4.5,4.25,3.5,3.25,4.25,2.75,3.75,4.28571428571429,2,4.57142857142857,4.33333333333333,4.46153846153846,1.71428571428571
"23",23,54,2,3,NA,2,2,20,2,1,1,1,1,12.3666666666667,1.625,1.5,1.75,5.75,6,6.25,5.5,5.25,5.57142857142857,4.2,2,2.16666666666667,2.07692307692308,5.14285714285714
"24",24,28,2,6,NA,2,2,38.5,3,1,3,1,1,11.1166666666667,1.125,1.25,1,3.6875,3,4.75,3,4,4,2.2,2.71428571428571,3.16666666666667,2.92307692307692,2.85714285714286
"25",25,56,2,7,NA,4.5,2,20,2,1,1,1,1,10.9,3,3,3,4.75,5,4,5.5,4.5,4.85714285714286,4,2,1.83333333333333,1.92307692307692,4.71428571428571
"26",26,30,2,6,NA,4.83333333333333,2,40,3,2,3,1,1,8.46666666666667,2.25,3,1.5,5.5625,4.5,6.25,4.75,6.75,5.71428571428571,4.4,2.14285714285714,2,2.07692307692308,5.42857142857143
"27",27,27,2,6,NA,0.583333333333333,2,40,3,1,3,1,1,9.6,1.5,2,1,5.4375,6.25,5.5,5.75,4.25,6.57142857142857,3.6,1.14285714285714,2.16666666666667,1.61538461538462,5
"28",28,26,2,5,NA,1.25,2,40,2,3,1,1,1,7.36666666666667,5.625,5.75,5.5,3.25,1.75,3,4,4.25,1.28571428571429,1,2.57142857142857,1.66666666666667,2.15384615384615,1.14285714285714
"29",29,27,2,6,NA,1,2,21,2,1,1,1,1,10.2,3.375,2.5,4.25,6.75,6.25,7,6.75,7,6.85714285714286,5,1.42857142857143,2.16666666666667,1.76923076923077,5.28571428571429
"30",30,29,1,6,NA,3.75,2,41,3,1,1,1,1,8.4,1.375,1.5,1.25,4.625,6,4,4.75,3.75,5.85714285714286,4.6,1.42857142857143,1.66666666666667,1.53846153846154,5.28571428571429
"31",31,27,2,5,NA,8.66666666666667,2,40,3,2,1,1,1,10.5,1.5,1.5,1.5,5.1875,5.75,5.25,4.75,5,6.85714285714286,4.6,1.42857142857143,2.16666666666667,1.76923076923077,4.57142857142857
"32",32,32,2,5,NA,5.16666666666667,2,40,3,1,1,1,1,11.3333333333333,2.5,2,3,1.0625,1.25,1,1,1,1.71428571428571,2.4,4.14285714285714,2.66666666666667,3.46153846153846,1.85714285714286
"33",33,59,1,6,NA,38.25,2,35,4,1,1,1,1,8.4,3.125,3.75,2.5,3.9375,5,3.5,3.5,3.75,7,4.8,1.42857142857143,1.33333333333333,1.38461538461538,5
"34",34,31,2,5,NA,10.6666666666667,2,25,2,1,2,1,1,10.3166666666667,3.25,4.5,2,5.5625,5.75,6,5.25,5.25,6.85714285714286,4,2.28571428571429,1.83333333333333,2.07692307692308,4
"35",35,26,2,6,NA,3.25,2,41,3,1,2,1,1,6.1,4.75,5,4.5,6,6.25,5.25,6,6.5,6.71428571428571,4.8,1.42857142857143,1.66666666666667,1.53846153846154,6.42857142857143
"36",36,53,2,3,NA,33,2,30,2,1,1,1,1,15.2666666666667,4.625,4.75,4.5,4.75,4.25,4.5,5.25,5,4.14285714285714,3.8,2,2.16666666666667,2.07692307692308,4.57142857142857
"37",37,53,2,5,NA,15,2,39,3,1,1,1,1,16.75,5.25,5.5,5,3.4375,2.5,4.5,3.25,3.5,3.71428571428571,2.8,2.28571428571429,1.83333333333333,2.07692307692308,3
"38",38,55,1,2,NA,9,2,15,2,2,1,1,1,15.5333333333333,1.875,2.5,1.25,3.6875,4,4,3.5,3.25,4.14285714285714,2.6,2.71428571428571,2,2.38461538461538,3.57142857142857
"39",39,27,2,6,NA,1.66666666666667,2,40,4,1,1,1,1,9.61666666666667,2.375,1.75,3,5.5625,6,5.75,4.5,6,5.14285714285714,3.4,2.71428571428571,3.16666666666667,2.92307692307692,4
"40",40,23,1,6,NA,3.83333333333333,2,30,2,1,1,1,1,13.3,4.125,4.75,3.5,6.375,5.75,6.25,6.75,6.75,5.57142857142857,5,2.14285714285714,1.83333333333333,2,5.85714285714286
"41",41,26,2,6,NA,0.666666666666667,1,39,3,1,2,1,1,7.53333333333333,3.875,4.75,3,5.3125,5.5,5.5,5.25,5,5.71428571428571,3.4,1.85714285714286,2.33333333333333,2.07692307692308,5.85714285714286
"42",42,23,2,6,NA,1.66666666666667,1,20,2,1,4,1,1,8.26666666666667,3.625,3.25,4,4.1875,4.25,5.25,3,4.25,5.42857142857143,4,2.85714285714286,2.83333333333333,2.84615384615385,3
"43",43,62,1,3,NA,45.6666666666667,2,40,5,3,1,1,1,11.6,1.625,2.25,1,5.375,5.5,5,5.5,5.5,6.14285714285714,4.8,1.57142857142857,1.83333333333333,1.69230769230769,5.28571428571429
"44",44,51,2,7,NA,3.91666666666667,2,40,3,1,4,1,1,13.8666666666667,2.75,2.75,2.75,3.375,4,2.75,3.25,3.5,4.42857142857143,3.2,2.14285714285714,2.33333333333333,2.23076923076923,4.14285714285714
"45",45,60,1,7,NA,6,2,39,3,1,1,1,1,13.5,3.125,3.75,2.5,4.3125,4.5,4,4,4.75,5.28571428571429,3.6,2,2.16666666666667,2.07692307692308,4.14285714285714
"46",46,28,2,6,NA,10.6666666666667,2,38.5,3,2,2,1,1,11.2666666666667,3.875,3.75,4,5.0625,5.25,5,5,5,6.14285714285714,3.4,2.14285714285714,1.66666666666667,1.92307692307692,4.57142857142857
"47",47,24,1,6,NA,5,2,9,1,1,1,1,1,9.45,3.625,4.25,3,3.75,4.5,4.5,4.75,1.25,4.14285714285714,2.4,2.28571428571429,1.83333333333333,2.07692307692308,3.42857142857143
"48",48,27,1,3,NA,0.666666666666667,1,39,2,1,1,1,1,8.61666666666667,4.125,3.75,4.5,3.875,5.75,2.75,4.25,2.75,4.71428571428571,2.2,2.71428571428571,2.66666666666667,2.69230769230769,4.14285714285714
"49",49,33,2,3,NA,3,2,30,3,1,2,1,1,11.3833333333333,4.75,4.5,5,4,4.5,4.25,3.75,3.5,3.57142857142857,3,2.42857142857143,2,2.23076923076923,4
"50",50,53,2,3,NA,12.4166666666667,2,15,1,1,1,1,1,9.71666666666667,4,4.75,3.25,4.75,4.5,4.5,4.5,5.5,3.57142857142857,3,1.85714285714286,1.83333333333333,1.84615384615385,5.42857142857143
"51",51,54,1,4,NA,38.6666666666667,2,40,5,1,2,1,1,15.4,3,3.75,2.25,5.6875,5,6.75,5.5,5.5,5.71428571428571,1.8,1.71428571428571,1.66666666666667,1.69230769230769,3.14285714285714
"52",52,23,2,4,NA,1.08333333333333,2,35,2,2,1,1,1,8.15,4.625,5.5,3.75,6.5625,6.75,6.75,6.25,6.5,6.57142857142857,4.8,1.14285714285714,1,1.07692307692308,5
"53",53,24,1,6,NA,4.16666666666667,2,20,2,1,1,1,1,8.85,4,4,4,6.1875,5.25,6.5,6.25,6.75,5.71428571428571,4.8,2,1.5,1.76923076923077,4
"54",54,48,2,7,NA,11.5833333333333,2,30,3,1,4,1,1,12.9666666666667,2.125,2.5,1.75,4.66666666666667,4.75,5,4.33333333333333,4.5,6.28571428571429,3.2,2,2,2,4.66666666666667
"55",55,23,2,6,NA,0.916666666666667,2,40,3,1,1,1,1,5.68333333333333,2.625,2,3.25,4.0625,3.75,4.75,3.25,4.5,6.57142857142857,1,4,4,4,5.14285714285714
"56",56,55,2,7,NA,17.4166666666667,2,25,3,2,4,1,1,14.65,2.875,3.25,2.5,3.5625,4.25,3.75,3.25,3,5,3,2.42857142857143,1.66666666666667,2.07692307692308,2.28571428571429
"57",57,23,1,6,NA,0.583333333333333,1,7.5,1,1,1,1,1,10.6833333333333,2.25,2,2.5,3.875,4.75,2.5,4,4.25,5.14285714285714,3.2,3.28571428571429,3.16666666666667,3.23076923076923,4
"58",58,57,1,6,NA,33.4166666666667,2,38,5,3,1,1,1,10.55,4.625,4.75,4.5,4.375,4.5,4.5,4.25,4.25,4.85714285714286,3.6,2.14285714285714,2,2.07692307692308,4.42857142857143
"59",59,31,1,7,NA,0.666666666666667,2,12,1,1,1,1,1,12.4333333333333,3.5,4.25,2.75,4.875,4.5,5.25,3.75,6,6,4.8,2.57142857142857,1.5,2.07692307692308,4
"60",60,27,2,5,NA,5.58333333333333,2,30.5,3,1,1,1,1,12,4,3,5,5.8125,5.25,6.5,6.25,5.25,5.85714285714286,4.8,2,2.33333333333333,2.15384615384615,6.71428571428571
"61",61,23,2,5,NA,1.75,2,35,1,1,1,1,1,11.5833333333333,6,5.25,6.75,4.6875,3.75,5.5,3,6.5,3.14285714285714,5,2.42857142857143,2,2.23076923076923,4.57142857142857
"62",62,27,2,4,NA,8.75,2,24,2,1,3,1,1,9.2,3.125,2.5,3.75,2.875,2,3,4.5,2,4.85714285714286,1.4,4.28571428571429,4.33333333333333,4.30769230769231,4.14285714285714
"63",63,28,1,6,NA,5.58333333333333,2,40,4,2,2,1,1,12.7333333333333,3.75,3.75,3.75,5.375,5.5,5.25,5,5.75,6,4,2,1.66666666666667,1.84615384615385,5.42857142857143
"64",64,54,2,5,NA,37.25,2,20,2,1,3,1,1,10.7166666666667,6.125,6,6.25,3.1875,3,5,2,2.75,4.28571428571429,1.2,4,3.83333333333333,3.92307692307692,2.42857142857143
"65",65,27,2,6,NA,3.25,1,18,1,1,2,1,1,9.73333333333333,2,2.5,1.5,5.625,4.75,5.25,6.5,6,6.71428571428571,4.2,1.28571428571429,1.66666666666667,1.46153846153846,5.71428571428571
"66",66,23,1,4,NA,0.583333333333333,1,5,1,1,1,1,1,7.68333333333333,2.625,2.25,3,4.6875,4.75,3.75,4,6.25,5.85714285714286,2.4,2.57142857142857,2,2.30769230769231,5.28571428571429
"67",67,24,2,4,NA,2.08333333333333,1,19,2,1,3,1,1,9.23333333333333,2.25,3,1.5,6.1875,6.75,6,5.75,6.25,5.42857142857143,4.2,1.42857142857143,2.33333333333333,1.84615384615385,4.71428571428571
"68",68,25,1,5,NA,8.75,2,36,3,1,1,1,1,10,1.5,1,2,3.875,4,4,2.75,4.75,4.71428571428571,3.2,3,1.66666666666667,2.38461538461538,4.57142857142857
"69",69,24,2,5,NA,1,2,39,3,1,1,1,1,8.11666666666667,5.875,7,4.75,1.6875,1,2.5,1,2.25,1.28571428571429,1,4.57142857142857,4,4.30769230769231,1.42857142857143
"70",70,25,2,6,NA,1.08333333333333,1,41,3,1,4,1,1,6.85,3.875,4.25,3.5,6.3125,6.25,6,6.25,6.75,5.14285714285714,5,1.57142857142857,1.66666666666667,1.61538461538462,5.85714285714286
"71",71,34,2,7,NA,5.16666666666667,2,40,3,1,3,1,1,8.73333333333333,3.25,3.75,2.75,3.625,3,4.75,3.75,3,6.42857142857143,2.4,3,2.16666666666667,2.61538461538462,3.85714285714286
"72",72,57,2,3,NA,13.4166666666667,2,25,2,1,4,1,1,13.6833333333333,1.375,1.25,1.5,3.25,3,3.5,3.5,3,5.57142857142857,3.6,2.42857142857143,2.66666666666667,2.53846153846154,5.14285714285714
"73",73,22,2,6,NA,0.583333333333333,1,40,3,1,1,1,1,12.6333333333333,3.75,4.5,3,4.8125,4,4.5,5,5.75,6.71428571428571,3.8,2.28571428571429,1.5,1.92307692307692,3.28571428571429
"74",74,52,2,3,NA,2.16666666666667,2,30,2,1,6,1,1,12.1,3.375,2.75,4,4.8125,5.75,5.5,4.5,3.5,5.57142857142857,3.2,2.71428571428571,2.16666666666667,2.46153846153846,2.71428571428571
"75",75,48,2,7,NA,9.33333333333333,2,27.5,2,1,1,1,1,11.1666666666667,3.875,3.75,4,4.8125,4.5,5.75,4.25,4.75,6.28571428571429,4.6,2.14285714285714,2.66666666666667,2.38461538461538,5.28571428571429
"76",76,29,2,6,NA,1.75,1,35,3,3,2,1,1,10.4,4.875,5.5,4.25,5.5,6,5.75,4.75,5.5,5.71428571428571,4.8,1.57142857142857,1.66666666666667,1.61538461538462,4.42857142857143
"77",77,55,2,5,NA,28.6666666666667,2,30,4,1,4,1,1,10.9333333333333,4,4.25,3.75,4.75,5.5,4.25,4.75,4.5,5.85714285714286,3.8,1.57142857142857,1.83333333333333,1.69230769230769,4.85714285714286
"78",78,53,1,6,NA,31.75,2,40,5,1,2,1,1,7.6,2.75,3.25,2.25,5.1875,5,5,5.75,5,6,3.8,1.85714285714286,1.16666666666667,1.53846153846154,5.85714285714286
"79",79,57,2,3,NA,40.5833333333333,2,25,3,1,1,1,1,13.4333333333333,1.375,1.25,1.5,4.5,4.5,5,3.75,4.75,6.42857142857143,4.2,1.57142857142857,1.66666666666667,1.61538461538462,5
"80",80,56,1,6,NA,39.75,2,40,5,1,5,1,1,10.6333333333333,2.25,2.75,1.75,5.6875,5,5.75,5.75,6.25,6.85714285714286,4.2,1.28571428571429,1,1.15384615384615,4.85714285714286
"81",81,22,2,4,NA,4,2,39,3,1,1,1,1,9.98333333333333,1.625,1.5,1.75,5.5,6.5,6.25,4,5.25,6.85714285714286,3.8,1.42857142857143,1,1.23076923076923,7
"82",82,48,2,5,NA,2,2,20,2,1,5,1,1,16.7666666666667,3.875,4.25,3.5,5.375,4.75,6,5.75,5,5.42857142857143,3.8,2,2,2,3.57142857142857
"83",83,57,1,4,NA,32.25,2,35,5,1,3,1,1,11.7333333333333,1.25,1.5,1,5.5625,6.25,6,4.5,5.5,5.85714285714286,3.6,2.14285714285714,3.33333333333333,2.69230769230769,4
"84",84,51,2,5,NA,17.6666666666667,2,30,4,1,3,1,1,16.9333333333333,2.75,4.5,1,3.0625,3.25,4,2.5,2.5,4.85714285714286,1.6,2.14285714285714,1,1.61538461538462,2.71428571428571
"85",85,47,2,5,NA,1.58333333333333,2,20,2,1,1,1,1,10.55,3.875,3.75,4,5.8125,6.25,6,5.75,5.25,5.42857142857143,3.6,1.42857142857143,1.16666666666667,1.30769230769231,5.28571428571429
"86",86,24,2,6,NA,5.66666666666667,2,37.5,3,1,4,1,1,15.0333333333333,2,2,2,5.3125,5.25,5.5,5.5,5,6.28571428571429,3.8,2.42857142857143,2,2.23076923076923,5.14285714285714
"87",87,30,2,7,NA,7.66666666666667,2,38.5,4,1,5,1,1,10.5666666666667,1.625,1.5,1.75,5.1875,5.5,6,4.75,4.5,6.42857142857143,3.2,2,2.16666666666667,2.07692307692308,5.57142857142857
"88",88,55,2,3,NA,39.75,2,24,2,1,2,1,1,10.45,1.875,2.5,1.25,4.9375,5,4.75,4.5,5.5,6.57142857142857,3.2,2.28571428571429,2.33333333333333,2.30769230769231,5.14285714285714
"89",89,28,2,7,NA,1.66666666666667,1,38,3,1,4,1,1,9.88333333333333,5.125,5.25,5,4,4,4,3.5,4.5,3.71428571428571,2.2,3.57142857142857,2.16666666666667,2.92307692307692,4
"90",90,55,1,2,NA,25.5,2,37,5,1,1,1,1,10.1166666666667,2.625,2.75,2.5,4.25,4.25,4.25,4,4.5,5,3.8,2.71428571428571,3.5,3.07692307692308,4.42857142857143
"91",91,50,2,4,NA,0.666666666666667,2,20,2,3,1,1,1,10.0666666666667,2.875,2.75,3,6.125,6,6,6,6.5,5,4,1.85714285714286,2.16666666666667,2,5
"92",92,49,2,7,NA,30.75,2,39,4,1,4,1,1,9.7,2.125,2,2.25,3.125,3.5,3,2.75,3.25,4.85714285714286,2.6,3,1.83333333333333,2.46153846153846,4.14285714285714
"93",93,29,1,5,NA,2.66666666666667,2,56,4,1,1,1,1,9.08333333333333,1.625,1.75,1.5,4.875,4.75,4.75,4,6,5.57142857142857,4.2,1.71428571428571,2,1.84615384615385,5.85714285714286
"94",94,55,2,4,NA,9.91666666666667,2,32,2,1,1,1,1,10.85,2.875,3,2.75,5.1875,6.25,5.5,4.5,4.5,6.14285714285714,4.6,2.28571428571429,2,2.15384615384615,4.71428571428571
"95",95,30,2,7,NA,0.583333333333333,2,32,3,1,5,1,1,6.2,4.75,4.25,5.25,5.375,6,5.5,4.5,5.5,5.71428571428571,2.4,3.14285714285714,2,2.61538461538462,4.28571428571429
"96",96,59,2,6,NA,32,2,40,5,3,3,1,1,14.7,2.125,2,2.25,5.5625,6,6,5,5.25,6.42857142857143,4,2,1.83333333333333,1.92307692307692,5.14285714285714
"97",97,22,1,4,NA,0.916666666666667,2,20,2,1,5,1,1,9.76666666666667,4.75,5.25,4.25,4.5625,5.75,5,2.5,5,5.42857142857143,2.6,3.14285714285714,3.16666666666667,3.15384615384615,3.42857142857143
"98",98,32,2,6,NA,9,2,35,2,1,1,1,1,7.61666666666667,2.5,2.25,2.75,2.8125,3.25,2.75,2.75,2.5,6.42857142857143,1.8,4.42857142857143,4.5,4.46153846153846,3.71428571428571
"99",99,33,1,6,NA,9,2,40,5,1,5,1,1,12.3666666666667,1.75,2.5,1,5.75,6.25,6,4.75,6,6.42857142857143,4.6,1,1.5,1.23076923076923,6.28571428571429
"100",100,31,2,4,NA,5.08333333333333,2,31,2,1,3,1,1,12.2,2.75,2.75,2.75,6.4375,6.75,7,6.5,5.5,7,3.8,1.85714285714286,2.33333333333333,2.07692307692308,5
"101",101,51,1,6,NA,29.0833333333333,2,39,5,2,2,1,1,9.51666666666667,1.5,1.5,1.5,5.375,5.5,6,5,5,5.85714285714286,4.8,1.14285714285714,1.66666666666667,1.38461538461538,5.71428571428571
"102",102,46,2,2,NA,30.3333333333333,2,20,2,1,3,1,1,7.3,4.375,4,4.75,5.125,6,5.25,4.75,4.5,4.85714285714286,4,2.28571428571429,2.66666666666667,2.46153846153846,5
"103",103,35,1,6,NA,3.41666666666667,2,35,4,1,2,1,1,8.51666666666667,4.5,5.25,3.75,4.5,4.75,4.5,4.5,4.25,4.42857142857143,2.4,3.14285714285714,2.16666666666667,2.69230769230769,4
"104",104,55,2,5,NA,12.6666666666667,2,25,2,1,2,1,1,13.75,2.5,3.25,1.75,5.6875,5.75,6.25,5.5,5.25,6.28571428571429,4,2,1.66666666666667,1.84615384615385,4.28571428571429
"105",105,31,1,2,NA,1.5,2,39,NA,1,1,1,1,9.13333333333333,2.5,2.5,2.5,4.25,4,4,4.25,4.75,5.28571428571429,3.2,2.57142857142857,2.5,2.53846153846154,4
"106",106,32,1,6,NA,9.66666666666667,2,40,3,2,1,1,1,7.88333333333333,4,3.25,4.75,4.375,4.75,4.75,3.5,4.5,3.28571428571429,2.2,2.42857142857143,2.5,2.46153846153846,3.85714285714286
"107",107,53,2,9,"Staatsexamen jur.",6.41666666666667,2,31,3,1,6,1,1,11.7833333333333,5.375,5.25,5.5,3.5,3.75,4.25,3,3,6.42857142857143,3.4,2,2.83333333333333,2.38461538461538,4.28571428571429
"108",108,29,2,5,NA,12.75,2,40,4,2,1,1,1,6.18333333333333,7,7,7,1.1875,1,1.75,1,1,2.57142857142857,1.8,2.14285714285714,2.66666666666667,2.38461538461538,1
"109",109,55,2,5,NA,39.6666666666667,2,25,2,1,1,1,1,11.5666666666667,5,5.25,4.75,5.25,5.25,5.25,5.5,5,6,4,2,2,2,5.85714285714286
"110",110,54,1,8,NA,24.4166666666667,2,40,4,2,2,1,1,11.2666666666667,2.875,4,1.75,5.3125,5.5,5.25,5.25,5.25,5.71428571428571,4,2.42857142857143,1.83333333333333,2.15384615384615,5.28571428571429
"111",111,36,1,6,NA,7.16666666666667,2,38,4,1,4,1,1,11.5166666666667,5,5.75,4.25,3.3125,3.25,3.25,3,3.75,5.28571428571429,2.2,3,2,2.53846153846154,2.14285714285714
"112",112,26,2,7,NA,0.666666666666667,2,40,3,1,1,1,1,6.18333333333333,2.25,2.75,1.75,6.0625,6.75,6,5.75,5.75,6.28571428571429,3.6,2.28571428571429,2,2.15384615384615,6
"113",113,33,2,7,NA,3.66666666666667,2,40,5,1,6,1,1,6.21666666666667,3.125,3.75,2.5,5.1875,5.5,4.75,4.5,6,5.71428571428571,4.2,1.42857142857143,1.83333333333333,1.61538461538462,5.85714285714286
"114",114,23,1,4,NA,0.5,1,30,2,1,3,1,1,8.11666666666667,2.5,2.75,2.25,7,7,7,7,7,6.85714285714286,4.8,2,2.5,2.23076923076923,6.71428571428571
"115",115,52,2,4,NA,4.83333333333333,2,25,2,1,1,1,1,12.8833333333333,2.625,2,3.25,4.0625,3.5,3.75,5.25,3.75,6.14285714285714,3.8,2.85714285714286,3.33333333333333,3.07692307692308,5
"116",116,57,2,3,NA,10.3333333333333,2,15,1,1,1,1,1,8.18333333333333,1.5,1,2,2.8125,2.75,3.5,2.25,2.75,3.57142857142857,2,2.71428571428571,2.33333333333333,2.53846153846154,3
"117",117,54,2,5,NA,1.25,2,25,2,1,1,1,1,14.7166666666667,2.25,2.5,2,6.375,6.25,6.75,6.5,6,6.28571428571429,5,1.14285714285714,1.5,1.30769230769231,5
"118",118,52,1,5,NA,23.3333333333333,2,42,4,1,1,1,1,11.85,1.375,1.75,1,5.4375,5.25,5.75,6,4.75,3.14285714285714,3.4,2.28571428571429,2,2.15384615384615,4.14285714285714
"119",119,21,2,4,NA,3.83333333333333,2,15,1,1,1,1,1,8.76666666666667,2.75,2.75,2.75,2.9375,2.25,3.75,4,1.75,4.57142857142857,2.6,2.71428571428571,2.33333333333333,2.53846153846154,3.42857142857143
"120",120,30,2,7,NA,2.41666666666667,2,40,3,1,5,1,1,9.86666666666667,4.625,6,3.25,4,3.5,3.75,4.25,4.5,5,3,3.85714285714286,2.33333333333333,3.15384615384615,4.28571428571429
"121",121,57,2,5,NA,4,2,40,4,1,4,1,1,13.5833333333333,4.125,5.5,2.75,5.5625,6.25,3.25,6.5,6.25,6.57142857142857,1.6,2.14285714285714,2,2.07692307692308,3
"122",122,36,2,7,NA,11.3333333333333,2,30,2,1,3,1,1,8.15,2.5,2,3,4.25,4.75,4.25,4.25,3.75,6.71428571428571,3.8,2.57142857142857,3.33333333333333,2.92307692307692,2.42857142857143
"123",123,25,1,4,NA,4.16666666666667,2,40,3,1,1,1,1,9.86666666666667,2.25,3.25,1.25,5.375,5.25,6.5,5.5,4.25,5.57142857142857,3.2,2.57142857142857,2.5,2.53846153846154,5.28571428571429
"124",124,46,1,7,NA,3.75,2,0,5,4,4,1,1,8.15,2.375,3.75,1,6.3125,6.75,6.5,6,6,6.14285714285714,5,1.85714285714286,1.5,1.69230769230769,1.57142857142857
"125",125,56,2,2,NA,40.6666666666667,2,28,4,1,4,1,1,11.8833333333333,1.5,1.75,1.25,6.8125,6.75,7,6.5,7,6.42857142857143,4,1.28571428571429,1.5,1.38461538461538,6.57142857142857
"126",126,30,2,3,NA,6.83333333333333,2,30,2,1,3,1,1,6.76666666666667,4.25,3.25,5.25,5.375,5.25,5.25,5.25,5.75,5.57142857142857,3.8,2.42857142857143,2.33333333333333,2.38461538461538,4.71428571428571
"127",127,41,1,7,NA,13.4166666666667,2,40.06,5,2,3,1,1,10.5,4.25,5,3.5,4.5625,4.25,4.25,5,4.75,5,3.6,2.28571428571429,2.33333333333333,2.30769230769231,5.14285714285714
"128",128,44,2,7,NA,18,2,30,3,1,3,1,1,8.06666666666667,3.875,3.25,4.5,3.625,3,3.75,3.5,4.25,5.14285714285714,3.8,2.28571428571429,2.16666666666667,2.23076923076923,4.14285714285714
"129",129,39,2,7,NA,7.75,2,30,2,1,3,1,1,6.08333333333333,1.5,2,1,4.125,3.25,5.75,2.75,4.75,6.42857142857143,4,4,1.83333333333333,3,4.42857142857143
"130",130,30,1,7,NA,1.33333333333333,2,35,4,1,1,1,1,10.85,3.75,4.5,3,4.9375,4.75,5,4.75,5.25,5.28571428571429,2.2,2.28571428571429,1.83333333333333,2.07692307692308,3.85714285714286
"131",131,NA,2,7,NA,11,2,26,2,1,5,1,1,9.56666666666667,3.5,4.25,2.75,4.375,4.5,5,3.25,4.75,5.28571428571429,3.6,2.42857142857143,2.33333333333333,2.38461538461538,2.57142857142857
"132",132,35,1,3,NA,14.5,2,39,3,1,1,1,1,12.5833333333333,4.125,4,4.25,2.9375,2,2.75,3.5,3.5,4,2.6,3.28571428571429,3.16666666666667,3.23076923076923,3.42857142857143
"133",133,33,1,6,NA,3.75,2,40,3,1,5,1,1,9.88333333333333,5,5.75,4.25,3.875,3.5,3.75,4.5,3.75,6.42857142857143,2.6,2.57142857142857,2,2.30769230769231,3.57142857142857
"134",134,44,2,7,NA,20.3333333333333,2,30,5,3,1,1,1,7.41666666666667,4,3.5,4.5,5.25,5.5,5.5,5,5,6,5,1,1.5,1.23076923076923,6.42857142857143
"135",135,41,2,7,NA,2,1,38,2,1,3,1,1,8.53333333333333,2.5,3,2,7,7,7,7,7,6,4.6,1,1.5,1.23076923076923,7
"136",136,56,1,2,NA,16,2,35,5,2,1,1,1,10.5333333333333,2.625,2.25,3,6.1875,6,6,6.75,6,6,4,2.14285714285714,2,2.07692307692308,5.85714285714286
"137",137,40,2,7,NA,4.58333333333333,2,40,4,1,1,1,1,7.8,2.5,3,2,5.25,5.25,5,5.25,5.5,5.14285714285714,4.2,1.28571428571429,1.16666666666667,1.23076923076923,5.57142857142857
"138",138,60,2,7,NA,4.75,2,40,4,3,1,1,1,13.3333333333333,3.625,4.25,3,5.625,6.25,6,5.25,5,6.57142857142857,4,1.71428571428571,1.5,1.61538461538462,4.85714285714286
"139",139,53,2,5,NA,30,2,40,3,1,1,1,1,9.58333333333333,4.25,4,4.5,4.4375,5.25,5.25,3.25,4,5.14285714285714,4.2,2.42857142857143,2,2.23076923076923,3.57142857142857
"140",140,55,2,3,NA,30.0833333333333,2,20,2,1,1,1,1,11.55,1.375,1.5,1.25,5.5,6.25,5.25,5,5.5,5.71428571428571,4,1.42857142857143,1.66666666666667,1.53846153846154,4.71428571428571
"141",141,28,2,7,NA,1.25,2,40,4,1,6,1,1,5.9,1.75,1,2.5,6.75,7,6.75,6.5,6.75,6.71428571428571,4.6,2,2,2,5.14285714285714
"142",142,NA,2,7,NA,7,2,40,NA,1,3,1,1,10.45,5.5,6,5,3.75,3.5,4.25,3.25,4,4.42857142857143,1.8,2.57142857142857,2.16666666666667,2.38461538461538,2.42857142857143
"143",143,47,2,7,NA,1.41666666666667,2,40,4,2,2,1,1,7.93333333333333,3,3.75,2.25,5.6875,6,5.25,5.25,6.25,6.57142857142857,4,2.14285714285714,1.33333333333333,1.76923076923077,5.85714285714286
"144",144,30,2,4,NA,6.83333333333333,2,40,4,2,1,1,1,5.66666666666667,4,4.25,3.75,5.25,5.25,4.5,5.75,5.5,6.14285714285714,3.6,2,1.83333333333333,1.92307692307692,4.85714285714286
"145",145,31,2,6,NA,1.83333333333333,2,40,3,1,1,1,1,9.58333333333333,1.875,2.25,1.5,4.125,4.25,3.75,4.5,4,5.57142857142857,4.2,1.85714285714286,1,1.46153846153846,5.14285714285714
"146",146,26,2,6,NA,1.16666666666667,1,36,3,1,4,1,1,6.16666666666667,1.5,2,1,6.0625,6.25,5.5,6,6.5,6.42857142857143,5,2,1.33333333333333,1.69230769230769,5.57142857142857
"147",147,47,2,6,NA,1,2,30,3,1,1,1,1,6.18333333333333,5,5.25,4.75,4.5,4.5,4.5,5,4,2.42857142857143,2,2.85714285714286,4.33333333333333,3.53846153846154,2.57142857142857
"148",148,62,2,7,NA,15.6666666666667,2,20,3,2,1,1,1,12.5,3.875,4.75,3,5.5,5.5,5,5.75,5.75,4.85714285714286,3.4,2,1.16666666666667,1.61538461538462,3.28571428571429
"149",149,50,2,7,NA,12,2,20,2,1,1,1,1,12.4166666666667,4.25,4.75,3.75,4.75,4.75,5.25,4.75,4.25,4.28571428571429,3.8,2.57142857142857,2.5,2.53846153846154,4
"150",150,57,2,2,NA,9.08333333333333,2,29,2,1,1,1,1,13.0166666666667,3,5,1,3.625,3.25,3,4.25,4,3.14285714285714,2.6,2.71428571428571,1.83333333333333,2.30769230769231,1.28571428571429
"151",151,53,2,3,NA,30,2,22,2,1,4,1,1,9.06666666666667,2.5,2.5,2.5,4.375,4.25,4.5,4.25,4.5,5,3,2,1.66666666666667,1.84615384615385,3.42857142857143
"152",152,49,2,5,NA,9.58333333333333,2,19.5,2,1,6,1,1,8.76666666666667,1.625,2.25,1,6.3125,6,7,6,6.25,6.57142857142857,5,1.57142857142857,1.83333333333333,1.69230769230769,5.71428571428571
"153",153,24,2,6,NA,0.75,1,20,2,1,2,1,1,9.21666666666667,1.75,2,1.5,6.0625,6.5,6,5.75,6,6.42857142857143,3,1.85714285714286,2.33333333333333,2.07692307692308,5.28571428571429
"154",154,48,2,4,NA,25.0833333333333,2,39,3,4,1,1,1,7.73333333333333,5.25,5.75,4.75,6.25,6,6,6.5,6.5,3.28571428571429,5,3.28571428571429,4.33333333333333,3.76923076923077,6.42857142857143
"155",155,59,2,6,NA,39.75,2,0,2,1,2,1,1,12.4166666666667,2.625,3.25,2,5.25,4.75,5.5,5.25,5.5,6.14285714285714,3.8,1.85714285714286,1.66666666666667,1.76923076923077,3.71428571428571
"156",156,56,1,8,NA,8.83333333333333,2,38.5,5,4,1,1,1,11.6333333333333,3.375,4.75,2,5.6875,5.5,6,6.25,5,5.57142857142857,4,2.14285714285714,1.83333333333333,2,4.85714285714286
"157",157,59,2,7,NA,7.58333333333333,2,17.7,1,1,1,1,1,14.6333333333333,2.875,3.25,2.5,5.75,4.5,6.25,6.25,6,6.71428571428571,4.2,1.85714285714286,1.66666666666667,1.76923076923077,6
"158",158,31,1,6,NA,4.08333333333333,2,32,3,3,1,1,1,5.85,4.875,5.5,4.25,7,7,7,7,7,6.42857142857143,3.2,2.71428571428571,2,2.38461538461538,4.42857142857143
"159",159,50,1,7,NA,6.08333333333333,2,40,5,1,4,1,1,14.6666666666667,2,2,2,5.3125,6,5.25,5,5,6.57142857142857,4,2.28571428571429,1.5,1.92307692307692,3.85714285714286
"160",160,53,2,3,NA,1.41666666666667,2,20,2,1,1,1,1,11.0333333333333,1.625,2,1.25,5.0625,5.25,5,4.75,5.25,7,4,2.14285714285714,1.5,1.84615384615385,5.28571428571429
"161",161,32,2,7,NA,1.5,2,40,3,1,3,1,1,7.38333333333333,4.75,5,4.5,2.6875,2,5.25,1.5,2,2.85714285714286,2,2.85714285714286,2.16666666666667,2.53846153846154,1
"162",162,50,2,5,NA,4,2,19.5,2,1,2,1,1,11.2333333333333,3.25,3.25,3.25,4.6875,4.25,5.25,5,4.25,5.85714285714286,3.6,2.28571428571429,2.16666666666667,2.23076923076923,5.71428571428571
"163",163,35,2,3,NA,18.6666666666667,2,39,4,1,4,1,1,13.1,2.625,2.5,2.75,4.3125,4.75,4.25,3.75,4.5,6.42857142857143,3.8,1.42857142857143,1.5,1.46153846153846,6.42857142857143
"164",164,58,2,5,NA,19.5,2,20,2,1,1,1,1,13.9166666666667,2,2.25,1.75,6.125,5.75,6.5,6.5,5.75,5.71428571428571,3.4,1.71428571428571,2,1.84615384615385,6.14285714285714
"165",165,60,1,6,NA,15.1666666666667,2,39,5,3,1,1,1,10.1833333333333,3.375,3.75,3,5.8125,6.25,5.75,6,5.25,6.42857142857143,4,2,1.5,1.76923076923077,5.14285714285714
"166",166,26,2,6,NA,1.25,1,20,2,1,6,1,1,7.21666666666667,2.5,2.75,2.25,5.375,4.5,5.25,6,5.75,6.71428571428571,3.8,2,2,2,6.42857142857143
"167",167,49,2,7,NA,15.1666666666667,2,40,5,1,3,1,1,14.3166666666667,2.5,3.25,1.75,3.4375,5,3,3.5,2.25,2,2.6,2.57142857142857,1.83333333333333,2.23076923076923,2.42857142857143
"168",168,61,2,6,NA,11.3333333333333,2,40,3,1,2,1,1,7.2,4.25,5.75,2.75,5.8125,5.75,5.5,6,6,6.14285714285714,4,2.42857142857143,2,2.23076923076923,3.57142857142857
"169",169,30,2,5,NA,12.75,2,40,3,1,1,1,1,13.25,5.625,6.25,5,4.6875,4.5,4.5,4.75,5,3.85714285714286,4,3.28571428571429,3,3.15384615384615,4.14285714285714
"170",170,55,2,3,NA,39.75,2,28,3,1,2,1,1,15.7166666666667,3.75,4.25,3.25,5.6875,4.75,4.5,6.5,7,5.85714285714286,4.4,2,2,2,5.14285714285714
"171",171,59,1,7,NA,38.75,2,39,4,1,2,1,1,10.85,1.625,2,1.25,5.9375,5.75,6.25,5.25,6.5,7,5,1.28571428571429,1.16666666666667,1.23076923076923,6.14285714285714
"172",172,28,2,6,NA,2.41666666666667,2,38.5,3,1,3,1,1,9.46666666666667,2.125,2.5,1.75,4.625,3.75,5.25,4.5,5,6.28571428571429,3,2.71428571428571,2.66666666666667,2.69230769230769,4.28571428571429
"173",173,50,2,7,NA,20,2,30,3,1,2,1,1,8,1.75,1.5,2,3.875,3.75,3.75,4,4,6,4.2,2.42857142857143,2.16666666666667,2.30769230769231,5.14285714285714
"174",174,53,1,5,NA,31.4166666666667,2,40,2,4,2,1,1,14.2,3.875,5,2.75,5.75,5,5.75,6.5,5.75,4.57142857142857,4.6,1.85714285714286,2.16666666666667,2,6.14285714285714
"175",175,47,2,3,NA,4,2,30,3,1,1,1,1,6.4,2.125,1.75,2.5,3.4375,2.75,4.5,2.75,3.75,5.71428571428571,4,3,2,2.53846153846154,2.42857142857143
"176",176,26,2,6,NA,2.16666666666667,2,40,3,2,2,1,1,6.03333333333333,3.625,5,2.25,5.3125,6.5,5.5,4.75,4.5,5.85714285714286,4.4,1.14285714285714,1.33333333333333,1.23076923076923,4.71428571428571
